id,subquestion,code,position,status,lastmodifiedby,lastmodifieddatetime,domain,question_id
1001,Subquestion One,Sub1,1,Active,echasin,2016-07-17 00:00:00,DEMO,1002
1002,Subquestion Twp,Sub2,2,Active,echasin,2016-07-17 00:00:00,DEMO,1002
2001,Subquestion One,Sub1,1,Active,echasin,2016-07-17 00:00:00,DEMO,2002
2002,Subquestion Twp,Sub2,2,Active,echasin,2016-07-17 00:00:00,DEMO,2002
2003,Subquestion One,Sub1,1,Active,echasin,2016-07-17 00:00:00,DEMO,2004
2004,Subquestion Twp,Sub2,2,Active,echasin,2016-07-17 00:00:00,DEMO,2004
2005,Subquestion One,Sub1,1,Active,echasin,2016-07-17 00:00:00,DEMO,2006
2006,Subquestion Twp,Sub2,2,Active,echasin,2016-07-17 00:00:00,DEMO,2006
2007,Subquestion One,Sub1,1,Active,echasin,2016-07-17 00:00:00,DEMO,2006
3001,Subquestion One,Sub1,1,Active,echasin,2016-07-17 00:00:00,DEMO,3002
3002,Subquestion Two,Sub2,2,Active,echasin,2016-07-17 00:00:00,DEMO,3002
3003,Sub One -  I am Glad,Sub1,1,Active,echasin,2016-07-17 00:00:00,DEMO,3003
3004,Sub Two - I dont Care,Sub2,2,Active,echasin,2016-07-17 00:00:00,DEMO,3003
3005,Sub Three - I am happy,Sub3,3,Active,echasin,2016-07-17 00:00:00,DEMO,3003
3006,Sub four- Other,Sub4,4,Active,echasin,2016-07-17 00:00:00,DEMO,3003
